La Pagerie - Hôtel & Restaurant,+596 596 66 05 30
Carayou Hôtel & Spa,+596 596 66 04 04
Hôtel Bambou Martinique,+596 596 66 01 39
Le Bakoua,+596 596 66 02 02
Karibea Résidence Camelia,+596 596 66 05 85
Residence Marine Hotel,+596 596 76 46 00
La Suite Villa,+596 596 59 88 00
Hôtel Panoramic,+596 596 50 01 35
Residence Village Creole,+596 596 66 03 19
L'Impératrice Village Résidence Hôtelière,+596 596 66 08 09
Résidence Hôtelière Diamant Beach,+596 596 76 16 16
Courbaril Village,+596 596 68 32 30
Residence Villas Melissa,+596 596 67 29 37
Les Océanides,+596 596 76 48 25
Domaine du Château,+596 696 31 73 00
Domaine de l'Anse Ramier,+596 596 68 77 47
Diamant Les Bains - Résidence hôtelière,+596 596 76 40 14
Residence The Marina,+596 596 76 50 94
La Dizac Anse Bleue,+596 596 76 21 91
